timestamp	pid	elapsed_seconds	state	cpu_percent	memory_percent	rss_kib	vsz_kib	thread_count	command
2026-09-13T21:36:00+09:00	20011	1	SN+	7.6	0.4	18048	23088	1	agent-leak-app
2026-09-13T21:36:01+09:00	20011	2	SN+	4.2	0.4	18048	23088	1	agent-leak-app
2026-09-13T21:36:02+09:00	20011	3	SN+	2.9	0.4	18048	23088	1	agent-leak-app
2026-09-13T21:36:03+09:00	20011	4	SN+	2.2	0.4	18048	23088	1	agent-leak-app
2026-09-13T21:36:04+09:00	20011	5	SN+	1.8	0.4	18048	23088	1	agent-leak-app
2026-09-13T21:36:05+09:00	20011	6	SN+	1.5	0.4	18048	23088	1	agent-leak-app
2026-09-13T21:36:06+09:00	20011	7	SNl+	1.3	0.4	18048	170552	3	agent-leak-app
2026-09-13T21:36:07+09:00	20011	8	SNl+	1.1	0.4	18048	170552	3	agent-leak-app
2026-09-13T21:36:08+09:00	20011	9	SNl+	1.0	0.4	18048	170552	3	agent-leak-app
2026-09-13T21:36:09+09:00	20011	10	SNl+	0.9	0.4	18048	170552	3	agent-leak-app
2026-09-13T21:36:10+09:00	20011	11	SNl+	0.8	0.4	18048	170552	3	agent-leak-app
2026-09-13T21:36:11+09:00	20011	12	SNl+	0.7	0.4	18048	170552	3	agent-leak-app
2026-09-13T21:36:12+09:00	20011	13	SNl+	0.7	0.4	18048	170552	3	agent-leak-app
2026-09-13T21:36:13+09:00	20011	14	SNl+	0.6	0.4	18048	170552	3	agent-leak-app
2026-09-13T21:36:14+09:00	20011	15	SNl+	0.6	0.4	18048	170552	3	agent-leak-app
2026-09-13T21:36:15+09:00	20011	16	SNl+	0.5	0.4	18048	170552	3	agent-leak-app
2026-09-13T21:36:16+09:00	20011	17	SNl+	0.5	0.4	18048	170552	3	agent-leak-app
2026-09-13T21:36:17+09:00	20011	18	SNl+	0.5	0.4	18048	170552	3	agent-leak-app
2026-09-13T21:36:18+09:00	20011	19	SNl+	0.5	0.4	18048	170552	3	agent-leak-app
2026-09-13T21:36:19+09:00	20011	20	SNl+	0.4	0.4	18048	170552	3	agent-leak-app
2026-09-13T21:36:20+09:00	20011	21	SNl+	0.4	0.4	18048	170552	3	agent-leak-app
2026-09-13T21:36:21+09:00	20011	22	SNl+	0.4	0.4	18048	170552	3	agent-leak-app
2026-09-13T21:36:22+09:00	20011	23	SNl+	0.4	0.4	18048	170552	3	agent-leak-app
2026-09-13T21:36:23+09:00	20011	24	SNl+	0.4	0.4	18048	170552	3	agent-leak-app
2026-09-13T21:36:24+09:00	20011	26	SNl+	0.3	0.4	18048	170552	3	agent-leak-app
2026-09-13T21:36:25+09:00	20011	27	SNl+	0.3	0.4	18048	170552	3	agent-leak-app
2026-09-13T21:36:26+09:00	20011	28	SNl+	0.3	0.4	18048	170552	3	agent-leak-app
2026-09-13T21:36:27+09:00	20011	29	SNl+	0.3	0.4	18048	170552	3	agent-leak-app
2026-09-13T21:36:28+09:00	20011	30	SNl+	0.3	0.4	18048	170552	3	agent-leak-app
2026-09-13T21:36:29+09:00	20011	31	SNl+	0.3	0.4	18048	170552	3	agent-leak-app
2026-09-13T21:36:30+09:00	20011	32	SNl+	0.3	0.4	18048	170552	3	agent-leak-app
2026-09-13T21:36:31+09:00	20011	33	SNl+	0.3	0.4	18048	170552	3	agent-leak-app
2026-09-13T21:36:32+09:00	20011	34	SNl+	0.2	0.4	18048	170552	3	agent-leak-app
2026-09-13T21:36:33+09:00	20011	35	SNl+	0.2	0.4	18048	170552	3	agent-leak-app
2026-09-13T21:36:34+09:00	20011	36	SNl+	0.2	0.4	18048	170552	3	agent-leak-app
2026-09-13T21:36:36+09:00	20011	37	SNl+	0.2	0.4	18048	170552	3	agent-leak-app
2026-09-13T21:36:37+09:00	20011	38	SNl+	0.2	0.4	18048	170552	3	agent-leak-app
2026-09-13T21:36:38+09:00	20011	39	SNl+	0.2	0.4	18048	170552	3	agent-leak-app
2026-09-13T21:36:39+09:00	20011	40	SNl+	0.2	0.4	18048	170552	3	agent-leak-app
2026-09-13T21:36:40+09:00	20011	41	SNl+	0.2	0.4	18048	170552	3	agent-leak-app
2026-09-13T21:36:41+09:00	20011	42	SNl+	0.2	0.4	18048	170552	3	agent-leak-app
2026-09-13T21:36:42+09:00	20011	43	SNl+	0.2	0.4	18048	170552	3	agent-leak-app
2026-09-13T21:36:43+09:00	20011	44	SNl+	0.2	0.4	18048	170552	3	agent-leak-app
2026-09-13T21:36:44+09:00	20011	45	SNl+	0.2	0.4	18048	170552	3	agent-leak-app
2026-09-13T21:36:45+09:00	20011	46	SNl+	0.2	0.4	18048	170552	3	agent-leak-app
2026-09-13T21:36:46+09:00	20011	47	SNl+	0.2	0.4	18048	170552	3	agent-leak-app
2026-09-13T21:36:47+09:00	20011	48	SNl+	0.2	0.4	18048	170552	3	agent-leak-app
2026-09-13T21:36:48+09:00	20011	49	SNl+	0.2	0.4	18048	170552	3	agent-leak-app
2026-09-13T21:36:49+09:00	20011	50	SNl+	0.1	0.4	18048	170552	3	agent-leak-app
2026-09-13T21:36:50+09:00	20011	51	SNl+	0.1	0.4	18048	170552	3	agent-leak-app
2026-09-13T21:36:51+09:00	20011	52	SNl+	0.1	0.4	18048	170552	3	agent-leak-app
2026-09-13T21:36:52+09:00	20011	53	SNl+	0.1	0.4	18048	170552	3	agent-leak-app
2026-09-13T21:36:53+09:00	20011	54	SNl+	0.1	0.4	18048	170552	3	agent-leak-app
2026-09-13T21:36:54+09:00	20011	55	SNl+	0.1	0.4	18048	170552	3	agent-leak-app
2026-09-13T21:36:55+09:00	20011	56	SNl+	0.1	0.4	18048	170552	3	agent-leak-app
2026-09-13T21:36:56+09:00	20011	57	SNl+	0.1	0.4	18048	170552	3	agent-leak-app
2026-09-13T21:36:57+09:00	20011	58	SNl+	0.1	0.4	18048	170552	3	agent-leak-app
2026-09-13T21:36:58+09:00	20011	59	SNl+	0.1	0.4	18048	170552	3	agent-leak-app
2026-09-13T21:36:59+09:00	20011	60	SNl+	0.1	0.4	18048	170552	3	agent-leak-app
2026-09-13T21:37:00+09:00	20011	61	SNl+	0.1	0.4	18048	170552	3	agent-leak-app
